{"cameraMode":{"drawMode":0,"name":"Shaded","section":"Shading Mode"},"sceneLighting":true,"audioPlay":false,"sceneViewState":{"showFog":true,"showMaterialUpdate":true,"showSkybox":true,"showFlares":true,"showImageEffects":true,"showParticleSystems":true},"in2DMode":false,"pivot":{"x":5.197697639465332,"y":2.56719970703125,"z":-3.38616681098938},"rotation":{"x":-0.02847469411790371,"y":0.5032687187194824,"z":-0.8635115623474121,"w":-0.016651632264256479},"size":31.07228660583496,"orthographic":true}